ticker,name
NVDA,NVIDIA Corporation Common Stock
AAPL,Apple Inc. Common Stock
GOOGL,Alphabet Inc. Class A Common Stock
GOOG,Alphabet Inc. Class C Capital Stock
MSFT,Microsoft Corporation Common Stock
AMZN,Amazon.com Inc. Common Stock
TSM,Taiwan Semiconductor Manufacturing Company Ltd.
SPCX,Space Exploration Technologies Corp. Class A Common Stock
AVGO,Broadcom Inc. Common Stock
TSLA,Tesla Inc. Common Stock
META,Meta Platforms Inc. Class A Common Stock
SKHY,SK hynix Inc. American Depositary Shares
LLY,Eli Lilly and Company Common Stock
BRK-B,Berkshire Hathaway Inc.
BRK-A,Berkshire Hathaway Inc.
MU,Micron Technology Inc. Common Stock
JPM,JP Morgan Chase & Co. Common Stock
WMT,Walmart Inc. Common Stock
AMD,Advanced Micro Devices Inc. Common Stock
ASML,ASML Holding N.V. New York Registry Shares
XOM,ExxonMobil Holdings Corporation Common Stock
V,Visa Inc.
JNJ,Johnson & Johnson Common Stock
GOOGM,Alphabet Inc. Depositary Shares representing a 1/20th Interest in a Share of Series A Mandatory Convertible Preferred Stock
GOOGN,Alphabet Inc. Depositary Shares representing a 1/20th Interest in a Share of Series B Mandatory Convertible Preferred Stock
MA,Mastercard Incorporated Common Stock
INTC,Intel Corporation Common Stock
ABBV,AbbVie Inc. Common Stock
CSCO,Cisco Systems Inc. Common Stock (DE)
PLTR,Palantir Technologies Inc. Class A Common Stock
BAC,Bank of America Corporation Common Stock
ORCL,Oracle Corporation Common Stock
COST,Costco Wholesale Corporation Common Stock
CVX,Chevron Corporation Common Stock
LRCX,Lam Research Corporation Common Stock
KO,Coca-Cola Company (The) Common Stock
AMAT,Applied Materials Inc. Common Stock
CAT,Caterpillar Inc. Common Stock
MRK,Merck & Company Inc. Common Stock (new)
GE,GE Aerospace Common Stock
HSBC,HSBC Holdings plc. Common Stock
UNH,UnitedHealth Group Incorporated Common Stock (DE)
MS,Morgan Stanley Common Stock
PG,Procter & Gamble Company (The) Common Stock
HD,Home Depot Inc. (The) Common Stock
NFLX,Netflix Inc. Common Stock
NVS,Novartis AG Common Stock
GS,Goldman Sachs Group Inc. (The) Common Stock
PM,Philip Morris International Inc Common Stock
PANW,Palo Alto Networks Inc. Common Stock
DELL,Dell Technologies Inc. Class C Common Stock 
RY,Royal Bank Of Canada Common Stock
RTX,RTX Corporation Common Stock
BABA,Alibaba Group Holding Limited American Depositary Shares each representing eight Ordinary share
SAP,SAP  SE ADS
SHEL,Shell PLC American Depositary Shares (each representing two (2) Ordinary Shares) 
MUFG,Mitsubishi UFJ Financial Group Inc. Common Stock
ARM,Arm Holdings plc American Depositary Shares
AZN,AstraZeneca PLC Ordinary Shares
TM,Toyota Motor Corporation Common Stock
GEV,GE Vernova Inc. Common Stock
WFC,Wells Fargo & Company Common Stock
BHP,BHP Group Limited American Depositary Shares (Each representing two Ordinary Shares)
TXN,Texas Instruments Incorporated Common Stock
KLAC,KLA Corporation Common Stock
ANET,Arista Networks Inc. Common Stock
AMGN,Amgen Inc. Common Stock
CCZ,Comcast Holdings ZONES
SNDK,Sandisk Corporation Common Stock
TMO,Thermo Fisher Scientific Inc Common Stock
AXP,American Express Company Common Stock
LIN,Linde plc Ordinary Shares
IBM,International Business Machines Corporation Common Stock
C,Citigroup Inc. Common Stock
SAN,Banco Santander S.A. Sponsored ADR (Spain)
MRVL,Marvell Technology Inc. Common Stock
NVO,Novo Nordisk A/S Common Stock
VZ,Verizon Communications Inc. Common Stock
ABT,Abbott Laboratories Common Stock
TMUS,T-Mobile US Inc. Common Stock
TTE,TotalEnergies SE Ordinary Shares
PEP,PepsiCo Inc. Common Stock
CRWD,CrowdStrike Holdings Inc. Class A Common Stock
SCHW,Charles Schwab Corporation (The) Common Stock
APH,Amphenol Corporation Common Stock
TD,Toronto Dominion Bank (The) Common Stock
SHOP,Shopify Inc. Class A Subordinate Voting Shares
STX,Seagate Technology Holdings PLC Ordinary Shares (Ireland)
MCD,McDonald's Corporation Common Stock
DIS,Walt Disney Company (The) Common Stock
UNP,Union Pacific Corporation Common Stock
GILD,Gilead Sciences Inc. Common Stock
ADI,Analog Devices Inc. Common Stock
SCCO,Southern Copper Corporation Common Stock
BLK,BlackRock Inc. Common Stock
DE,Deere & Company Common Stock
NEE,NextEra Energy Inc. Common Stock
T,AT&T Inc.
WELL,Welltower Inc. Common Stock
CRM,Salesforce Inc. Common Stock
BA,Boeing Company (The) Common Stock
QCOM,QUALCOMM Incorporated Common Stock
BBVA,Banco Bilbao Vizcaya Argentaria S.A. Common Stock
WDC,Western Digital Corporation Common Stock
UBS,UBS Group AG Registered Ordinary Shares
ETN,Eaton Corporation PLC Ordinary Shares
COP,ConocoPhillips Common Stock
UBER,Uber Technologies Inc. Common Stock
PFE,Pfizer Inc. Common Stock
BKNG,Booking Holdings Inc. Common Stock
BUD,Anheuser-Busch Inbev SA Sponsored ADR (Belgium)
TJX,TJX Companies Inc. (The) Common Stock
DHR,Danaher Corporation Common Stock
SONY,Sony Group Corporation American Depositary Shares 
MNST,Monster Beverage Corporation
UL,Unilever PLC American Depositary Shares (each representing One Ordinary Share)
TBB,AT&T Inc. 5.350% Global Notes due 2066
VRTX,Vertex Pharmaceuticals Incorporated Common Stock
NEM,Newmont Corporation
BMY,Bristol-Myers Squibb Company Common Stock
PLD,Prologis Inc. Common Stock
ISRG,Intuitive Surgical Inc. Common Stock
COF,Capital One Financial Corporation Common Stock
NOW,ServiceNow Inc. Common Stock
RIO,Rio Tinto Plc Common Stock
CB,Chubb Limited  Common Stock
LMT,Lockheed Martin Corporation Common Stock
GLW,Corning Incorporated Common Stock
MFG,Mizuho Financial Group Inc. Sponosred ADR (Japan)
PGR,Progressive Corporation (The) Common Stock
SPGI,S&P Global Inc. Common Stock
SYK,Stryker Corporation Common Stock
PH,Parker-Hannifin Corporation Common Stock
PDD,PDD Holdings Inc. American Depositary Shares
ACN,Accenture plc Class A Ordinary Shares (Ireland)
PBR,Petroleo Brasileiro S.A. Petrobras ADS
BMO,Bank Of Montreal Common Stock
SBUX,Starbucks Corporation Common Stock
BTI,British American Tobacco  Industries p.l.c. Common Stock ADR
LOW,Lowe's Companies Inc. Common Stock
HDB,HDFC Bank Limited Common Stock
MDT,Medtronic plc. Ordinary Shares
CVS,CVS Health Corporation Common Stock
BP,BP p.l.c. Common Stock
SNOW,Snowflake Inc. Common Stock
SMFG,Sumitomo Mitsui Financial Group Inc Unsponsored American Depositary Shares (Japan)
FTNT,Fortinet Inc. Common Stock
ABNB,Airbnb Inc. Class A Common Stock
SNY,Sanofi ADS
ADP,Automatic Data Processing Inc. Common Stock
MO,Altria Group Inc.
ENB,Enbridge Inc Common Stock
FCX,Freeport-McMoRan Inc. Common Stock
SPOT,Spotify Technology S.A. Ordinary Shares
AEM,Agnico Eagle Mines Limited Common Stock
ADBE,Adobe Inc. Common Stock
HWM,Howmet Aerospace Inc. Common Stock
BX,Blackstone Inc. Common Stock
BNY,The Bank of New York Mellon Corporation Common Stock
BNS,Bank Nova Scotia Halifax Pfd 3 Ordinary Shares
EQNR,Equinor ASA
IBN,ICICI Bank Limited Common Stock
CM,Canadian Imperial Bank of Commerce Common Stock
CNQ,Canadian Natural Resources Limited Common Stock
GSK,GSK plc American Depositary Shares (Each representing two Ordinary Shares)
EQIX,Equinix Inc. Common Stock REIT
NET,Cloudflare Inc. Class A Common Stock
GD,General Dynamics Corporation Common Stock
APP,Applovin Corporation Class A Common Stock
SO,Southern Company (The) Common Stock
BN,Brookfield Corporation Class A Limited Voting Shares
RACE,Ferrari N.V. Common Shares
MPC,Marathon Petroleum Corporation Common Stock
ING,ING Group N.V. Common Stock
VRT,Vertiv Holdings LLC Class A Common Stock
VLO,Valero Energy Corporation Common Stock
INTU,Intuit Inc. Common Stock
MCK,McKesson Corporation Common Stock
TT,Trane Technologies plc
CME,CME Group Inc. Class A Common Stock
MELI,MercadoLibre Inc. Common Stock
KKR,KKR & Co. Inc. Common Stock
HOOD,Robinhood Markets Inc. Class A Common Stock
PNC,PNC Financial Services Group Inc. (The) Common Stock
PSX,Phillips 66 Common Stock
DASH,DoorDash Inc. Class A Common Stock
CEG,Constellation Energy Corporation Common Stock 
USB,U.S. Bancorp Common Stock
CSX,CSX Corporation Common Stock
CMCSA,Comcast Corporation Class A Common Stock
PWR,Quanta Services Inc. Common Stock
DUK,Duke Energy Corporation (Holding Company) Common Stock
BCS,Barclays PLC Common Stock
MAR,Marriott International Class A Common Stock
HCA,HCA Healthcare Inc. Common Stock
MMM,3M Company Common Stock
MRSH,Marsh Common Stock
ICE,Intercontinental Exchange Inc. Common Stock
WM,Waste Management Inc. Common Stock
LYG,Lloyds Banking Group Plc American Depositary Shares
E,ENI S.p.A. Common Stock
CDNS,Cadence Design Systems Inc. Common Stock
EMR,Emerson Electric Company Common Stock
MCO,Moody's Corporation Common Stock
ELV,Elevance Health Inc. Common Stock
UPS,United Parcel Service Inc. Common Stock
JCI,Johnson Controls International plc Ordinary Share
CP,Canadian Pacific Kansas City Limited Common Shares
WMB,Williams Companies Inc. (The) Common Stock
REGN,Regeneron Pharmaceuticals Inc. Common Stock
DDOG,Datadog Inc. Class A Common Stock
SHW,Sherwin-Williams Company (The) Common Stock
BAM,Brookfield Asset Management Inc Class A Limited Voting Shares
ITUB,Itau Unibanco Banco Holding SA American Depositary Shares (Each repstg 500 Preferred shares)
MDLZ,Mondelez International Inc. Class A Common Stock
EPD,Enterprise Products Partners L.P. Common Stock
AMT,American Tower Corporation (REIT) Common Stock
NTES,NetEase Inc. American Depositary Shares
CTAS,Cintas Corporation Common Stock
ASX,ASE Technology Holding Co. Ltd. American Depositary Shares (each representing Two Common Shares) 
CMI,Cummins Inc. Common Stock
ITW,Illinois Tool Works Inc. Common Stock
EOG,EOG Resources Inc. Common Stock
SU,Suncor Energy  Inc. Common Stock
SLB,SLB Limited Common Shares
MSI,Motorola Solutions Inc. Common Stock
NGG,National Grid Transco PLC National Grid PLC (NEW) American Depositary Shares
ECL,Ecolab Inc. Common Stock
NSC,Norfolk Southern Corporation Common Stock
CNI,Canadian National Railway Company Common Stock
APO,Apollo Global Management Inc. (New) Common Stock
B,Barrick Mining Corporation Common Shares
NOC,Northrop Grumman Corporation Common Stock
RCL,Royal Caribbean Cruises Ltd. Common Stock
LITE,Lumentum Holdings Inc. Common Stock
GM,General Motors Company Common Stock
FDX,FedEx Corporation Common Stock
CVNA,Carvana Co. Class A Common Stock
ROST,Ross Stores Inc. Common Stock
NWG,NatWest Group plc American Depositary Shares (each representing two (2) Ordinary Shares)
SNPS,Synopsys Inc. Common Stock
TRV,The Travelers Companies Inc. Common Stock
AON,Aon plc Class A Ordinary Shares (Ireland)
TGT,Target Corporation Common Stock
HLT,Hilton Worldwide Holdings Inc. Common Stock 
CI,The Cigna Group Common Stock
BSX,Boston Scientific Corporation Common Stock
ET,Energy Transfer LP Common Units 
CL,Colgate-Palmolive Company Common Stock
ORLY,O'Reilly Automotive Inc. Common Stock
SE,Sea Limited American Depositary Shares each representing one Class A Ordinary Share
WBD,Warner Bros. Discovery Inc. Series A Common Stock 
WPM,Wheaton Precious Metals Corp Common Shares (Canada)
AMX,America Movil S.A.B. de C.V. American Depositary Shares (each representing the right to receive twenty (20) Series B Shares
DB,Deutsche Bank AG Common Stock
MFC,Manulife Financial Corporation Common Stock
NU,Nu Holdings Ltd. Class A Ordinary Shares
HPE,Hewlett Packard Enterprise Company Common Stock
SPG,Simon Property Group Inc. Common Stock
DLR,Digital Realty Trust Inc. Common Stock
KMI,Kinder Morgan Inc. Common Stock
PCAR,PACCAR Inc. Common Stock
HON,Honeywell International Inc. Common Stock
URI,United Rentals Inc. Common Stock
APD,Air Products and Chemicals Inc. Common Stock
AJG,Arthur J. Gallagher & Co. Common Stock
RSG,Republic Services Inc. Common Stock
BRKRP,Bruker Corporation 6.375% Mandatory Convertible Preferred Stock Series A
IMO,Imperial Oil Limited Common Stock
TDG,Transdigm Group Incorporated Common Stock
AEP,American Electric Power Company Inc. Common Stock
RELX,RELX PLC PLC American Depositary Shares (Each representing One Ordinary Share)
MPWR,Monolithic Power Systems Inc. Common Stock
ARGX,argenx SE American Depositary Shares
ALL,Allstate Corporation (The) Common Stock
TRGP,Targa Resources Inc. Common Stock
CRH,CRH PLC Ordinary Shares
VALE,VALE S.A.  American Depositary Shares Each Representing one common share
TRP,TC Energy Corporation Common Stock
BKR,Baker Hughes Company Class A Common Stock
GWW,W.W. Grainger Inc. Common Stock
CVE,Cenovus Energy Inc Common Stock
TFC,Truist Financial Corporation Common Stock
AU,AngloGold Ashanti PLC Ordinary Shares
OXY,Occidental Petroleum Corporation Common Stock
COR,Cencora Inc. Common Stock
NKE,Nike Inc. Common Stock
MET,MetLife Inc. Common Stock
NBIS,Nebius Group N.V. Class A Ordinary Shares
BE,Bloom Energy Corporation Class A Common Stock
O,Realty Income Corporation Common Stock
MPLX,MPLX LP Common Units Representing Limited Partner Interests
FANG,Diamondback Energy Inc. Common Stock
TEL,TE Connectivity plc Ordinary Shares
OKE,ONEOK Inc. Common Stock
FAST,Fastenal Company Common Stock
TER,Teradyne Inc. Common Stock
NOK,Nokia Corporation Sponsored American Depositary Shares
D,Dominion Energy Inc. Common Stock
FIX,Comfort Systems USA Inc. Common Stock
AFL,AFLAC Incorporated Common Stock
MRNA,Moderna Inc. Common Stock
TAK,Takeda Pharmaceutical Company Limited American Depositary Shares (each representing 1/2 of a share of Common Stock)
LNG,Cheniere Energy Inc. Common Stock
NXPI,NXP Semiconductors N.V. Common Stock
GRMN,Garmin Ltd. Common Stock (Switzerland)
COHR,Coherent Corp. Common Stock
PSA,Public Storage Common Stock
F,Ford Motor Company Common Stock
BMNP,BitMine Immersion Technologies Inc. 9.5% Series A Perpetual Preferred Stock
CIEN,Ciena Corporation Common Stock
SOMN,Southern Company (The) 2025 Series A Corporate Units
NUE,Nucor Corporation Common Stock
MT,Arcelor Mittal NY Registry Shares NEW
AME,AMETEK Inc.
NDAQ,Nasdaq Inc. Common Stock
CTVA,Corteva Inc. Common Stock 
SRE,DBA Sempra Common Stock
DAL,Delta Air Lines Inc. Common Stock
KEYS,Keysight Technologies Inc. Common Stock
DVN,Devon Energy Corporation Common Stock
ADSK,Autodesk Inc. Common Stock
CAH,Cardinal Health Inc. Common Stock
DEO,Diageo plc Common Stock
PYPL,PayPal Holdings Inc. Common Stock
VMRK,Vivmark Residential Common Shares of Beneficial Interest
BDX,Becton Dickinson and Company Common Stock
HONA,Honeywell Aerospace Inc. Common Stock 
EW,Edwards Lifesciences Corporation Common Stock
STT,State Street Corporation Common Stock
FNV,Franco-Nevada Corporation
HBANL,Huntington Bancshares Incorporated Depositary Shares Each Representing a 1/40th Interest in a Share of 6.875% Series J Non-Cumulative Perpetual Preferred Stock
AXON,Axon Enterprise Inc. Common Stock
WAB,Westinghouse Air Brake Technologies Corporation Common Stock
AMP,Ameriprise Financial Inc. Common Stock
CARR,Carrier Global Corporation Common Stock 
FITB,Fifth Third Bancorp Common Stock
LHX,L3Harris Technologies Inc. Common Stock
HEI,Heico Corporation Common Stock
ALAB,Astera Labs Inc. Common Stock
WDAY,Workday Inc. Class A Common Stock
XYZ,Block Inc. Class A Common Stock
COIN,Coinbase Global Inc. Class A Common Stock
CCEP,Coca-Cola Europacific Partners plc Ordinary Shares
ETR,Entergy Corporation Common Stock
ROK,Rockwell Automation Inc. Common Stock
CRWV,CoreWeave Inc. Class A Common Stock
INFY,Infosys Limited American Depositary Shares
AZO,AutoZone Inc. Common Stock
NTRA,Natera Inc. Common Stock
VTR,Ventas Inc. Common Stock
XEL,Xcel Energy Inc. Common Stock
PCG,Pacific Gas & Electric Co. Common Stock
FERG,Ferguson Enterprises Inc. Common Stock
CMG,Chipotle Mexican Grill Inc. Common Stock
ARES,Ares Management Corporation Class A Common Stock
CBRS,Cerebras Systems Inc. Class A Common Stock
EBAY,eBay Inc. Common Stock
WDS,Woodside Energy Group Limited American Depositary Shares each representing one Ordinary Share
UMC,United Microelectronics Corporation (NEW) Common Stock
MSTR,Strategy Inc Common Stock Class A
VST,Vistra Corp. Common Stock
TRI,Thomson Reuters Corporation Common Shares
HUM,Humana Inc. Common Stock
ABEV,Ambev S.A. American Depositary Shares (Each representing 1 Common Share)
FER,Ferrovial N.V. Ordinary Shares
EXC,Exelon Corporation Common Stock
STM,STMicroelectronics N.V. Common Stock
MDLN,Medline Inc. Class A Common Stock
A,Agilent Technologies Inc. Common Stock
RVMD,Revolution Medicines Inc. Common Stock
TTWO,Take-Two Interactive Software Inc. Common Stock
CCJ,Cameco Corporation Common Stock
HLN,Haleon plc American Depositary Shares (Each representing two Ordinary Shares)
PAYX,Paychex Inc. Common Stock
CBRE,CBRE Group Inc Common Stock Class A
SLF,Sun Life Financial Inc. Common Stock
IDXX,IDEXX Laboratories Inc. Common Stock
KDP,Keurig Dr Pepper Inc. Common Stock
TEVA,Teva Pharmaceutical Industries Limited American Depositary Shares
TEAM,Atlassian Corporation Class A Common Stock
RKLB,Rocket Lab Corporation Common Stock
HMC,Honda Motor Company Ltd. Common Stock
IX,ORIX Corporation American Depositary Shares
WCN,Waste Connections Inc. Common Shares
CRDO,Credo Technology Group Holding Ltd Ordinary Shares
BSBR,Banco Santander Brasil SA American Depositary Shares each representing one unit
LYV,Live Nation Entertainment Inc. Common Stock
ODFL,Old Dominion Freight Line Inc. Common Stock
GFI,Gold Fields Limited American Depositary Shares
IQV,IQVIA Holdings Inc. Common Stock
ONC,BeOne Medicines Ltd. American Depositary Shares
IBKR,Interactive Brokers Group Inc. Class A Common Stock
KB,KB Financial Group Inc
PRU,Prudential Financial Inc. Common Stock
YUM,Yum! Brands Inc.
DHI,D.R. Horton Inc. Common Stock
VIK,Viking Holdings Ltd Ordinary Shares
MCHP,Microchip Technology Incorporated Common Stock
FMX,Fomento Economico Mexicano S.A.B. de C.V. Common Stock
HBANM,Huntington Bancshares Incorporated Depositary Shares each representing a 1/1000th interest in a share of Huntington Series I Preferred Stock
MSCI,MSCI Inc. Common Stock
FLEX,Flex Ltd. Ordinary Shares
ROP,Roper Technologies Inc. Common Stock
VEEV,Veeva Systems Inc. Class A Common Stock
WAT,Waters Corporation Common Stock
SYY,Sysco Corporation Common Stock
AIG,American International Group Inc. New Common Stock
JD,JD.com Inc. American Depositary Shares
RKT,Rocket Companies Inc. Class A Common Stock
ED,Consolidated Edison Inc. Common Stock
KGC,Kinross Gold Corporation Common Stock
ADM,Archer-Daniels-Midland Company Common Stock
HBANZ,Huntington Bancshares Incorporated Depositary Shares Each Representing a 1/1000th Interest in a Share of 5.50% Series L Non-Cumulative Perpetual Preferred Stock
BTSGU,BrightSpring Health Services Inc. Tangible Equity Unit
STRF,Strategy Inc 10.00% Series A Perpetual Strife Preferred Stock
VOD,Vodafone Group Plc American Depositary Shares
SMCIP,Super Micro Computer Inc. Depositary Shares representing a 1/20th Interest in a Share of 7% Series A Mandatory Convertible Preferred Stock
NTAP,NetApp Inc. Common Stock
HSY,The Hershey Company Common Stock
STRC,Strategy Inc Variable Rate Series A Perpetual Stretch Preferred Stock
EL,Estee Lauder Companies Inc. (The) Common Stock
HIG,The Hartford Insurance Group Inc. Common Stock
EXPE,Expedia Group Inc. Common Stock
ALC,Alcon Inc. Ordinary Shares
QSR,Restaurant Brands International Inc. Common Shares
UAL,United Airlines Holdings Inc. Common Stock
KVUE,Kenvue Inc. Common Stock
TKO,TKO Group Holdings Inc. Class A Common Stock
KMB,Kimberly-Clark Corporation Common Stock
IRM,Iron Mountain Incorporated (Delaware)Common Stock REIT
NTR,Nutrien Ltd. Common Shares
PEG,Public Service Enterprise Group Incorporated Common Stock
P,Everpure Inc. Class A common stock
EC,Ecopetrol S.A. American Depositary Shares
PUK,Prudential Public Limited Company Common Stock
VMC,Vulcan Materials Company (Holding Company) Common Stock
BAP,Credicorp Ltd. Common Stock
MCHPP,Microchip Technology Incorporated Depositary Shares Each Representing a 1/20th Interest in a Share of 7.50% Series A Mandatory Convertible Preferred Stock
VG,Venture Global Inc. Class A common stock
KR,Kroger Company (The) Common Stock
SHG,Shinhan Financial Group Co Ltd American Depositary Shares
RPRX,Royalty Pharma plc Class A Ordinary Shares 
CCL,Carnival Corporation Ltd. Common Shares
DXCM,DexCom Inc. Common Stock
PPLC,PPL Corporation Corporate Units
MTB,M&T Bank Corporation Common Stock
MDB,MongoDB Inc. Class A Common Stock
TWLO,Twilio Inc. Class A Common Stock
WEC,WEC Energy Group Inc. Common Stock
ESLT,Elbit Systems Ltd. Ordinary Shares
ERIC,Ericsson American Depositary Shares
HBAN,Huntington Bancshares Incorporated Common Stock
EME,EMCOR Group Inc. Common Stock
CLS,Celestica Inc. Common Stock
ACGL,Arch Capital Group Ltd. Common Stock
TECK,Teck Resources Ltd Ordinary Shares
UI,Ubiquiti Inc. Common Stock
GEHC,GE HealthCare Technologies Inc. Common Stock 
RJF,Raymond James Financial Inc. Common Stock
CHT,Chunghwa Telecom Co. Ltd.
NTRS,Northern Trust Corporation Common Stock
CBOE,Cboe Global Markets Inc. Common Stock
EQT,EQT Corporation Common Stock
RMD,ResMed Inc. Common Stock
HBANP,Huntington Bancshares Incorporated Depositary Shares 4.500% Series H Non-Cumulative Perpetual Preferred Stock
BBDO,Banco Bradesco Sa American Depositary Shares (each representing one Common Share)
ILMN,Illumina Inc. Common Stock
CQP,Cheniere Energy Partners LP Common Units
BBD,Banco Bradesco Sa American Depositary Shares
JBL,Jabil Inc. Common Stock
STLD,Steel Dynamics Inc.
MLM,Martin Marietta Materials Inc. Common Stock
CCI,Crown Castle Inc. Common Stock
ZTS,Zoetis Inc. Class A Common Stock
CNC,Centene Corporation Common Stock
BIIB,Biogen Inc. Common Stock
WTW,Willis Towers Watson Public Limited Company Ordinary Shares
BIDU,Baidu Inc. ADS
ALNY,Alnylam Pharmaceuticals Inc. Common Stock
SUNB,Sunbelt Rentals Holdings Inc. Common Stock
ZM,Zoom Communications Inc. Class A Common Stock
CPRT,Copart Inc. (DE) Common Stock
IR,Ingersoll Rand Inc. Common Stock
EXR,Extra Space Storage Inc Common Stock
CASY,Casey's General Stores Inc. Common Stock
AGNCN,AGNC Investment Corp. Depositary Shares Each Representing a 1/1000th Interest in a Share of 7.00% Series C Fixed-To-Floating Rate Cumulative Redeemable Preferred Stock
AGNCO,AGNC Investment Corp. Depositary Shares each representing a 1/1000th interest in a share of 6.50% Series E Fixed-to-Floating Cumulative Redeemable Preferred Stock
LVS,Las Vegas Sands Corp. Common Stock
FTI,TechnipFMC plc Ordinary Share
KHC,The Kraft Heinz Company Common Stock
AGNCZ,AGNC Investment Corp. Depositary Shares Each Representing a 1/1000th Interest in a Share of 8.75% Series H Fixed-Rate Cumulative Redeemable Preferred Stock
AGNCP,AGNC Investment Corp. Depositary Shares Each Representing a 1/1000th Interest in a Share of 6.125% Series F Fixed-to-Floating Rate Cumulative Redeemable Preferred Stock
AGNCM,AGNC Investment Corp. Depositary Shares rep 6.875% Series D Fixed-to-Floating Cumulative Redeemable Preferred Stock
AGNCL,AGNC Investment Corp. Depositary Shares Each Representing a 1/1000th Interest in a Share of 7.75% Series G Fixed-Rate Reset Cumulative Redeemable Preferred Stock
CPNG,Coupang Inc. Class A Common Stock
SYF,Synchrony Financial Common Stock
RDDT,Reddit Inc. Class A Common Stock
TDY,Teledyne Technologies Incorporated Common Stock
HAL,Halliburton Company Common Stock
CFG,Citizens Financial Group Inc. Common Stock
ZS,Zscaler Inc. Common Stock
AEE,Ameren Corporation Common Stock
RYAAY,Ryanair Holdings plc American Depositary Shares
BNTX,BioNTech SE American Depositary Share
VICI,VICI Properties Inc. Common Stock
TCOM,Trip.com Group Limited American Depositary Shares
ON,ON Semiconductor Corporation Common Stock
FOXA,Fox Corporation Class A Common Stock
LPLA,LPL Financial Holdings Inc. Common Stock
PBA,Pembina Pipeline Corp. Ordinary Shares (Canada)
TS,Tenaris S.A. American Depositary Shares
NMR,Nomura Holdings Inc ADR American Depositary Shares
ATO,Atmos Energy Corporation Common Stock
ATI,ATI Inc. Common Stock
DTE,DTE Energy Company Common Stock
FTS,Fortis Inc. Common Shares
WSM,Williams-Sonoma Inc. Common Stock (DE)
FISV,Fiserv Inc. Common Stock
MTD,Mettler-Toledo International Inc. Common Stock
CTSH,Cognizant Technology Solutions Corporation Class A Common Stock
STRD,Strategy Inc 10.00% Series A Perpetual Stride Preferred Stock
BSP,Bending Spoons S.p.A. Ordinary Shares
STRK,Strategy Inc 8.00% Series A Perpetual Strike Preferred Stock
EIX,Edison International Common Stock
INSM,Insmed Incorporated Common Stock
RBLX,Roblox Corporation Class A Common Stock
CPAY,Corpay Inc. Common Stock
LH,Labcorp Holdings Inc. Common Stock
DG,Dollar General Corporation Common Stock
OTIS,Otis Worldwide Corporation Common Stock 
DOV,Dover Corporation Common Stock
HPQ,HP Inc. Common Stock
DGX,Quest Diagnostics Incorporated Common Stock
Q,Qnity Electronics Inc. Common Stock
PHG,Koninklijke Philips N.V. NY Registry Shares
AWK,American Water Works Company Inc. Common Stock
GFS,GlobalFoundries Inc. Ordinary Shares
ASTS,AST SpaceMobile Inc. Class A Common Stock
FE,FirstEnergy Corp. Common Stock
XYL,Xylem Inc. Common Stock New
TPL,Texas Pacific Land Corporation Common Stock
ES,Eversource Energy (D/B/A) Common Stock
FWONK,Liberty Media Corporation Series C Liberty Formula One Common Stock
ROIV,Roivant Sciences Ltd. Common Shares
TPR,Tapestry Inc. Common Stock
RF,Regions Financial Corporation Common Stock
INCY,Incyte Corp. Common Stock
SW,Smurfit WestRock plc Ordinary Shares
PPL,PPL Corporation Common Stock
JBHT,J.B. Hunt Transport Services Inc. Common Stock
CINF,Cincinnati Financial Corporation Common Stock
AFRM,Affirm Holdings Inc. Class A Common Stock
FOX,Fox Corporation Class B Common Stock
CNP,CenterPoint Energy Inc (Holding Co) Common Stock
WRB,W.R. Berkley Corporation Common Stock
SN,SharkNinja Inc. Ordinary Shares
VRSN,VeriSign Inc. Common Stock
FICO,Fair Isaac Corporation Common Stock
SYM,Symbotic Inc. Class A Common Stock
DRI,Darden Restaurants Inc. Common Stock
DLTR,Dollar Tree Inc. Common Stock
PPG,PPG Industries Inc. Common Stock
ECHO,EchoStar  Corporation Common Stock
TSEM,Tower Semiconductor Ltd. Ordinary Shares
TW,Tradeweb Markets Inc. Class A Common Stock
AMRZ,Amrize Ltd Ordinary Shares
WST,West Pharmaceutical Services Inc. Common Stock
HUBB,Hubbell Inc Common Stock
GPN,Global Payments Inc. Common Stock
FCNCA,First Citizens BancShares Inc. Class A Common Stock
NVT,nVent Electric plc Ordinary Shares 
RIVN,Rivian Automotive Inc. Class A Common Stock
SOFI,SoFi Technologies Inc. Common Stock  
EXPD,Expeditors International of Washington Inc. Common Stock
VRSK,Verisk Analytics Inc. Common Stock
CRS,Carpenter Technology Corporation Common Stock
BRO,Brown & Brown Inc. Common Stock
IHG,Intercontinental Hotels Group American Depositary Shares (Each representing one Ordinary Share)
FWONA,Liberty Media Corporation Series A Liberty Formula One Common Stock
PHM,PulteGroup Inc. Common Stock
CIB,Grupo Cibest S.A. American Depositary Shares each representing four Preferred Shares
VLTO,Veralto Corp Common Stock 
OMC,Omnicom Group Inc. Common Stock
TROW,T. Rowe Price Group Inc. Common Stock
NRG,NRG Energy Inc. Common Stock
USFD,US Foods Holding Corp. Common Stock
PFG,Principal Financial Group Inc Common Stock
OKTA,Okta Inc. Class A Common Stock
CW,Curtiss-Wright Corporation Common Stock
CHD,Church & Dwight Company Inc. Common Stock
SQM,Sociedad Quimica y Minera S.A. Common Stock
ROKU,Roku Inc. Class A Common Stock
DOW,Dow Inc. Common Stock 
KEY,KeyCorp Common Stock
IOT,Samsara Inc. Class A Common Stock
STE,STERIS plc (Ireland) Ordinary Shares
STZ,Constellation Brands Inc. Common Stock
XPO,XPO Inc. Common Stock
FSLR,First Solar Inc. Common Stock
GH,Guardant Health Inc. Common Stock
BNJ,Brookfield Finance Inc. 4.50% Perpetual Subordinated Notes
BNH,Brookfield Finance Inc. 4.625% Subordinated Notes due October 16 2080
EFX,Equifax Inc. Common Stock
THC,Tenet Healthcare Corporation Common Stock
AER,AerCap Holdings N.V. Ordinary Shares
PKG,Packaging Corporation of America Common Stock
AMCR,Amcor plc Ordinary Shares
L,Loews Corporation Common Stock
ULTA,Ulta Beauty Inc. Common Stock
SMCI,Super Micro Computer Inc. Common Stock
CRCL,Circle Internet Group Inc. Class A Common Stock
BEP,Brookfield Renewable Partners L.P. Limited Partnership Units
MKL,Markel Group Inc. Common Stock
EXE,Expand Energy Corporation Common Stock
ARXS,Arxis Inc. Class A Common Stock
RL,Ralph Lauren Corporation Common Stock
BCE,BCE Inc. Common Stock
UTHR,United Therapeutics Corporation Common Stock
PAAS,Pan American Silver Corp. Common Stock
IP,International Paper Company Common Stock
ENTG,Entegris Inc. Common Stock
RGLD,Royal Gold Inc. Common Stock
LYB,LyondellBasell Industries NV Ordinary Shares Class A (Netherlands)
FFIV,F5 Inc. Common Stock
BG,Bunge Limited Common Shares
SOJC,Southern Company (The) Series 2017B 5.25% Junior Subordinated Notes due December 1 2077
CDE,Coeur Mining Inc. Common Stock
FTAI,FTAI Aviation Ltd. Common Stock
IFF,International Flavors & Fragrances Inc. Common Stock
CMS,CMS Energy Corporation Common Stock
MTZ,MasTec Inc. Common Stock
GIS,General Mills Inc. Common Stock
FIS,Fidelity National Information Services Inc. Common Stock
BCH,Banco De Chile ADS
TOST,Toast Inc. Class A Common Stock
LEN,Lennar Corporation Class A Common Stock
BR,Broadridge Financial Solutions Inc. Common Stock
U,Unity Software Inc. Common Stock
RBRK,Rubrik Inc. Class A Common Stock
TSN,Tyson Foods Inc. Common Stock
BURL,Burlington Stores Inc. Common Stock
FDXF,FedEx Freight Holding Company Inc. Common Stock
BPYPM,Brookfield Property Partners L.P. 6.25% Class A Cumulative Redeemable Preferred Units Series 1
MTSI,MACOM Technology Solutions Holdings Inc. Common Stock
BPYPP,Brookfield Property Partners L.P. 6.50% Class A Cumulative Redeemable Perpetual Preferred Units
SNA,Snap-On Incorporated Common Stock
WWD,Woodward Inc. Common Stock
YPF,YPF Sociedad Anonima American Depositary Shares
SOJD,Southern Company (The) Series 2020A 4.95% Junior Subordinated Notes due January 30 2080
BEKE,KE Holdings Inc American Depositary Shares (each representing three Class A Ordinary Shares)
AQNB,Algonquin Power & Utilities Corp. 6.20% Fixed-to-Floating Subordinated Notes Series 2019-A due July 1 2079
SNX,TD SYNNEX Corporation Common Stock
KSPI,Joint Stock Company Kaspi.kz American Depository Shares
WES,Western Midstream Partners LP Common Units Representing Limited Partner Interests
PR,Permian Resources Corporation Class A Common Stock
WIT,Wipro Limited Common Stock
RS,Reliance Inc. Common Stock
TPG,TPG Inc. Class A Common Stock
LUV,Southwest Airlines Company Common Stock
CF,CF Industries Holdings Inc. Common Stock
RCI,Rogers Communication Inc. Common Stock
NI,NiSource Inc Common Stock
SSNC,SS&C Technologies Holdings Inc. Common Stock
MGA,Magna International Inc. Common Stock
SBAC,SBA Communications Corporation Class A Common Stock
ZBH,Zimmer Biomet Holdings Inc. Common Stock
BPYPO,Brookfield Property Partners L.P. 6.375% Class A Cumulative Redeemable Perpetual Preferred Units Series 2
OVV,Ovintiv Inc. (DE)
MKSI,MKS Inc. Common Stock
VTRS,Viatris Inc. Common Stock
NWS,News Corporation Class B Common Stock
DD,DuPont de Nemours Inc. Common Stock
EVRG,Evergy Inc. Common Stock
ITT,ITT Inc. Common Stock 
ESS,Essex Property Trust Inc. Common Stock
PKX,POSCO HOLDINGS INC. American Depositary Shares (Each representing 1/4th of a share of Common Stock)
NDSN,Nordson Corporation Common Stock
SITM,SiTime Corporation Common Stock
GPC,Genuine Parts Company Common Stock
NTNX,Nutanix Inc. Class A Common Stock
VIV,Telefonica Brasil S.A. American Depositary Shares (Each representing One Common Share)
TSCO,Tractor Supply Company Common Stock
AS,Amer Sports Inc. Ordinary Shares
OWL,Blue Owl Capital Inc. Class A Common Stock
FTV,Fortive Corporation Common Stock 
ONON,On Holding AG Class A Ordinary Shares
BBY,Best Buy Co. Inc. Common Stock
FLUT,Flutter Entertainment plc Ordinary Shares
CHTR,Charter Communications Inc. Class A Common Stock New
BIP,Brookfield Infrastructure Partners LP Limited Partnership Units
JLL,Jones Lang LaSalle Incorporated Common Stock
EWBC,East West Bancorp Inc. Common Stock
APG,APi Group Corporation Common Stock
INVH,Invitation Homes Inc. Common Stock
ROL,Rollins Inc. Common Stock
LDOS,Leidos Holdings Inc. Common Stock
JHX,James Hardie Industries plc. Ordinary Shares
WY,Weyerhaeuser Company Common Stock
LNT,Alliant Energy Corporation Common Stock
CG,The Carlyle Group Inc. Common Stock
J,Jacobs Solutions Inc. Common Stock
NLY,Annaly Capital Management Inc. Common Stock
ZBRA,Zebra Technologies Corporation Class A Common Stock
BEN,Franklin Templeton Inc. Common Stock
SOJE,Southern Company (The) Series 2020C 4.20% Junior Subordinated Notes due October 15 2060
GIB,CGI Inc. Common Stock
DUKB,Duke Energy Corporation 5.625% Junior Subordinated Debentures due 2078
INIO,INNIO N.V. Ordinary Shares
PAA,Plains All American Pipeline L.P. Common Units representing Limited Partner Interests
BPYPN,Brookfield Property Partners L.P. 5.750% Class A Cumulative Redeemable Perpetual Preferred Units Series 3
FUTU,Futu Holdings Limited American Depositary Shares
MEDP,Medpace Holdings Inc. Common Stock
GEN,Gen Digital Inc. Common Stock
DINO,HF Sinclair Corporation Common Stock
IEX,IDEX Corporation Common Stock
AEG,Aegon Ltd. New York Registry Shares
CDW,CDW Corporation Common Stock
IONQ,IonQ Inc. Common Stock
H,Hyatt Hotels Corporation Class A Common Stock
WCC,WESCO International Inc. Common Stock
YUMC,Yum China Holdings Inc. Common Stock
NVR,NVR Inc. Common Stock
ALB,Albemarle Corporation Common Stock
CX,Cemex S.A.B. de C.V. Sponsored ADR
BALL,Ball Corporation Common Stock
PTC,PTC Inc. Common Stock
LSCC,Lattice Semiconductor Corporation Common Stock
CLH,Clean Harbors Inc. Common Stock
WF,Woori Financial Group Inc. American Depositary Shares (each representing three (3) shares of Common Stock)
BSAC,Banco Santander - Chile ADS
CHRW,C.H. Robinson Worldwide Inc. Common Stock
PFGC,Performance Food Group Company Common Stock
JAZZ,Jazz Pharmaceuticals plc Common Stock (Ireland)
ZTO,ZTO Express (Cayman) Inc. American Depositary Shares each representing one Class A ordinary share.
NWSA,News Corporation Class A Common Stock
DKS,Dick's Sporting Goods Inc Common Stock
RBA,RB Global Inc. Common Stock
VNOM,Viper Energy Inc. Class A Common Stock
SBS,Companhia de saneamento Basico Do Estado De Sao Paulo - Sabesp American Depositary Shares (Each repstg 250 Common Shares)
WPC,W. P. Carey Inc. REIT
TRU,TransUnion Common Stock
KIM,Kimco Realty Corporation (HC) Common Stock
PS,Pershing Square Inc. Common Stock
WSE,Wise Group plc Class A Ordinary Shares
RBC,RBC Bearings Incorporated Common Stock
BBIO,BridgeBio Pharma Inc. Common Stock
HST,Host Hotels & Resorts Inc. Common Stock
AGI,Alamos Gold Inc. Class A Common Shares
RGA,Reinsurance Group of America Incorporated Common Stock
AKAM,Akamai Technologies Inc. Common Stock
STRL,Sterling Infrastructure Inc. Common Stock
ARMK,Aramark Common Stock
GWRE,Guidewire Software Inc. Common Stock
TU,Telus Corporation Ordinary Shares
ASND,Ascendis Pharma A/S Ordinary Share
TIGO,Millicom International Cellular S.A. Common Stock
STLA,Stellantis N.V. Common Shares
FN,Fabrinet Ordinary Shares
SUN,Sunoco LP Common Units representing limited partner interests
NBIX,Neurocrine Biosciences Inc. Common Stock
SKM,SK Telecom Co. Ltd. Common Stock
PNFP,Pinnacle Financial Partners Inc. Common stock
EMA,Emera Incorporated Common Shares
LECO,Lincoln Electric Holdings Inc. Common Shares
GFL,GFL Environmental Inc. Subordinate voting shares no par value
LAMR,Lamar Advertising Company Class A Common Stock
SOLV,Solventum Corporation Common Stock
MAA,Mid-America Apartment Communities Inc. Common Stock
APA,APA Corporation Common Stock
ULS,UL Solutions Inc. Class A Common Stock
HTHT,H World Group Limited American Depositary Shares
SWK,Stanley Black & Decker Inc. Common Stock
TLN,Talen Energy Corporation Common Stock
IREN,IREN Limited Ordinary Shares
HMY,Harmony Gold Mining Company Limited
QNT,Quantinuum Inc. Class A Common Stock
MKC,McCormick & Company Incorporated Common Stock
COO,The Cooper Companies Inc. Common Stock
TLK,PT Telekomunikasi Indonesia Tbk
SUI,Sun Communities Inc. Common Stock
LTM,LATAM Airlines Group S.A. American Depositary Shares (each representing two thousand (2000) shares of Common Stock)
JBS,JBS N.V. Class A Common Shares
DOC,Healthpeak Properties Inc. Common Stock
CNH,CNH Industrial N.V. Common Shares
CSL,Carlisle Companies Incorporated Common Stock
APOS,Apollo Global Management Inc. 7.625% Fixed-Rate Resettable Junior Subordinated Notes due 2053
KEP,Korea Electric Power Corporation Common Stock
MAS,Masco Corporation Common Stock
FIG,Figma Inc. Class A Common Stock
KKRS,KKR Group Finance Co. IX LLC 4.625% Subordinated Notes due 2061
ONTO,Onto Innovation Inc. Common Stock
BWXT,BWX Technologies Inc. Common Stock
TYL,Tyler Technologies Inc. Common Stock
CACI,CACI International Inc. Class A Common Stock
ARCC,Ares Capital Corporation Common Stock
QXO,QXO Inc. Common Stock
GRAB,Grab Holdings Limited Class A Ordinary Shares
TXT,Textron Inc. Common Stock
DT,Dynatrace Inc. Common Stock
CRBG,Corebridge Financial Inc. Common Stock
PAG,Penske Automotive Group Inc. Common Stock
VLYPN,Valley National Bancorp 8.250% Fixed-Rate Reset Non-Cumulative Perpetual Preferred Stock Series C
WMG,Warner Music Group Corp. Class A Common Stock
EG,Everest Group Ltd. Common Stock
IVZ,Invesco Ltd Common Stock
BNT,Brookfield Wealth Solutions Ltd. Class A Exchangeable Limited Voting Shares
OHI,Omega Healthcare Investors Inc. Common Stock
CRL,Charles River Laboratories International Inc. Common Stock
SLMBP,SLM Corporation Floating Rate Non-Cumulative Preferred Stock Series B
TRMB,Trimble Inc. Common Stock
AIZ,Assurant Inc. Common Stock
MLI,Mueller Industries Inc. Common Stock
LI,Li Auto Inc. American Depositary Shares
REG,Regency Centers Corporation Common Stock
LII,Lennox International Inc. Common Stock
AVY,Avery Dennison Corporation Common Stock
RVTY,Revvity Inc. Common Stock
HL,Hecla Mining Company Common Stock
W,Wayfair Inc. Class A Common Stock
VLYPP,Valley National Bancorp 6.25% Fixed-to-Floating Rate Non-Cumulative Perpetual Preferred Stock Series A
UNM,Unum Group Common Stock
UHAL,U-Haul Holding Company Common Stock
RPM,RPM International Inc. Common Stock
TME,Tencent Music Entertainment Group American Depositary Shares each representing two Class A Ordinary Shares
FIVE,Five Below Inc. Common Stock
BWA,BorgWarner Inc. Common Stock
VLYPO,Valley National Bancorp 5.50% Fixed-to-Floating Rate Non-Cumulative Perpetual Preferred Stock Series B
ALLE,Allegion plc Ordinary Shares
BMNR,BitMine Immersion Technologies Inc. Common Stock
LOGI,Logitech International S.A. Ordinary Shares
TOL,Toll Brothers Inc. Common Stock
EMBJ,Embraer S.A. Common Stock
AA,Alcoa Corporation Common Stock 
IESC,IES Holdings Inc. Common Stock
BAX,Baxter International Inc. Common Stock
SGI,Somnigroup International Inc. Common Stock
DOCN,DigitalOcean Holdings Inc. Common Stock
RNR,RenaissanceRe Holdings Ltd. Common Stock
TXRH,Texas Roadhouse Inc. Common Stock
EXEL,Exelixis Inc. Common Stock
EQH,Equitable Holdings Inc. Common Stock
HBM,Hudbay Minerals Inc. Ordinary Shares (Canada)
CHKP,Check Point Software Technologies Ltd. Ordinary Shares
SJM,The J.M. Smucker Company Common Stock
CET,Central Securities Corporation Common Stock
CNA,CNA Financial Corporation Common Stock
PINS,Pinterest Inc. Class A Common Stock
CORT,Corcept Therapeutics Incorporated Common Stock
HAS,Hasbro Inc. Common Stock
ICLR,ICON plc Ordinary Shares
GL,Globe Life Inc. Common Stock
SEIC,SEI Investments Company Common Stock
HRL,Hormel Foods Corporation Common Stock
LULU,lululemon athletica inc. Common Stock
TEM,Tempus AI Inc. Class A Common Stock
FMS,Fresenius Medical Care AG American Depositary Shares (Each representing 1/2 of an Ordinary Share)
NXT,Nextpower Inc. Class A Common Stock
CSGP,CoStar Group Inc. Common Stock
GGG,Graco Inc. Common Stock
ALLY,Ally Financial Inc. Common Stock
MAIR,Madison Air Solutions Corporation Class A Common Stock
CCK,Crown Holdings Inc.
DKNG,DraftKings Inc. Class A Common Stock
SREA,DBA Sempra 5.750% Junior Subordinated Notes due 2079
DTM,DT Midstream Inc. Common Stock 
BMRN,BioMarin Pharmaceutical Inc. Common Stock
AGNC,AGNC Investment Corp. Common Stock
CLX,Clorox Company (The) Common Stock
WSO,Watsco Inc. Common Stock
PEN,Penumbra Inc. Common Stock
ELS,Equity Lifestyle Properties Inc. Common Stock
FNF,Fidelity National Financial Inc. Common Stock
GLPI,Gaming and Leisure Properties Inc. Common Stock
PAC,Grupo Aeroportuario Del Pacifico S.A. B. de C.V. Grupo Aeroportuario Del Pacifico S.A. de C.V. (each representing 10 Series B shares)
COKE,Coca-Cola Consolidated Inc. Common Stock
WTS,Watts Water Technologies Inc. Class A Common Stock
AIT,Applied Industrial Technologies Inc. Common Stock
BEPC,Brookfield Renewable Corporation Brookfield Renewable Corporation Class A Subordinate Voting Shares
MANH,Manhattan Associates Inc. Common Stock
DECK,Deckers Outdoor Corporation Common Stock
AUR,Aurora Innovation Inc. Class A Common Stock
AMKR,Amkor Technology Inc. Common Stock
SNN,Smith & Nephew SNATS Inc. Common Stock
CHYM,Chime Financial Inc. Class A Common Stock
IT,Gartner Inc. Common Stock
AMH,American Homes 4 Rent Common Shares of Beneficial Interest
BJ,BJ's Wholesale Club Holdings Inc. Common Stock
ARWR,Arrowhead Pharmaceuticals Inc. Common Stock
GDDY,GoDaddy Inc. Class A Common Stock
HALO,Halozyme Therapeutics Inc. Common Stock
ERIE,Erie Indemnity Company Class A Common Stock
SF,Stifel Financial Corporation Common Stock
MICC,The Magnum Ice Cream Company N.V. Ordinary Shares
AHR,American Healthcare REIT Inc. Common Stock
GNRC,Generac Holdlings Inc. Common Stock
UDR,UDR Inc. Common Stock
IAG,Iamgold Corporation Ordinary Shares
CR,Crane Company Common Stock
NVMI,Nova Ltd. Ordinary Shares
ELAN,Elanco Animal Health Incorporated Common Stock
HUBS,HubSpot Inc. Common Stock
MDGL,Madrigal Pharmaceuticals Inc. Common Stock
RTO,Rentokil Initial plc American Depositary Shares (each representing five (5) Ordinary Shares)
AFG,American Financial Group Inc. Common Stock
EHC,Encompass Health Corporation Common Stock
DOCU,DocuSign Inc. Common Stock
JKHY,Jack Henry & Associates Inc. Common Stock
DY,Dycom Industries Inc. Common Stock
PNW,Pinnacle West Capital Corporation Common Stock
HII,Huntington Ingalls Industries Inc. Common Stock
OC,Owens Corning Inc Common Stock New
FHN,First Horizon Corporation Common Stock
GMED,Globus Medical Inc. Class A Common Stock
AR,Antero Resources Corporation Common Stock
KNX,Knight-Swift Transportation Holdings Inc.
XPEV,XPeng Inc. American depositary shares each representing two Class A ordinary shares
BTSG,BrightSpring Health Services Inc. Common Stock
TTMI,TTM Technologies Inc. Common Stock
TFII,TFI International Inc. Common Shares
PSKY,Paramount Skydance Corporation Class B Common Stock
NIO,NIO Inc. American depositary shares each  representing one Class A ordinary share
SMTC,Semtech Corporation Common Stock
ALGN,Align Technology Inc. Common Stock
CART,Maplebear Inc. Common Stock
AEIS,Advanced Energy Industries Inc. Common Stock
WTRG,Essential Utilities Inc. Common Stock
SCI,Service Corporation International Common Stock
FROG,JFrog Ltd. Ordinary Shares
TECH,Bio-Techne Corp Common Stock
DPZ,Domino's Pizza Inc Common Stock
MGM,MGM Resorts International Common Stock
EVR,Evercore Inc. Class A Common Stock
BSY,Bentley Systems Incorporated Class B Common Stock
ENLT,Enlight Renewable Energy Ltd. Ordinary Shares
SUZ,Suzano S.A. American Depositary Shares (each representing One Ordinary Share)
DVA,DaVita Inc. Common Stock
RYAN,Ryan Specialty Holdings Inc. Class A Common Stock
RRX,Regal Rexnord Corporation Common Stock
BIPJ,Brookfield Infrastructure Corporation 7.250% Subordinated Notes due 2084
UMBF,UMB Financial Corporation Common Stock
ALSN,Allison Transmission Holdings Inc. Common Stock
GKOS,Glaukos Corporation Common Stock
FRHC,Freedom Holding Corp. Common Stock
TX,Ternium S.A. Ternium S.A. American Depositary Shares (each representing ten shares USD1.00 par value)
AXSM,Axsome Therapeutics Inc. Common Stock
DRS,Leonardo DRS Inc. Common Stock
WMS,Advanced Drainage Systems Inc. Common Stock
CPT,Camden Property Trust Common Stock
DCI,Donaldson Company Inc. Common Stock
BXP,BXP Inc. Common Stock
BPOP,Popular Inc. Common Stock
ARW,Arrow Electronics Inc. Common Stock
KTOS,Kratos Defense & Security Solutions Inc. Common Stock
MP,MP Materials Corp. Common Stock
CYTK,Cytokinetics Incorporated Common Stock
EQX,Equinox Gold Corp. Common Shares
GSAT,Globalstar Inc. Common Stock
FDS,FactSet Research Systems Inc. Common Stock
SAIL,SailPoint Inc. Common Stock
AAOI,Applied Optoelectronics Inc. Common Stock
NYT,New York Times Company (The) Common Stock
VIRT,Virtu Financial Inc. Class A Common Stock
AES,The AES Corporation Common Stock
AM,Antero Midstream Corporation Common Stock
MOD,Modine Manufacturing Company Common Stock
SMMT,Summit Therapeutics Inc. Common Stock 
PRAX,Praxis Precision Medicines Inc. Common Stock
MUSA,Murphy USA Inc. Common Stock
LFUS,Littelfuse Inc. Common Stock
ENSG,The Ensign Group Inc. Common Stock
MOH,Molina Healthcare Inc Common Stock
UHS,Universal Health Services Inc. Common Stock
PAYP,PayPay Corporation American Depository Shares
GIL,Gildan Activewear Inc. Class A Sub. Vot. Common Stock
AG,First Majestic Silver Corp. Ordinary Shares (Canada)
SPXC,SPX Technologies Inc. Common Stock
DAR,Darling Ingredients Inc. Common Stock
SSB,SouthState Bank Corporation Common Stock
PSO,Pearson Plc Common Stock
WYNN,Wynn Resorts Limited Common stock
PAYC,Paycom Software Inc. Common Stock
WTFC,Wintrust Financial Corporation Common Stock
VSAT,ViaSat Inc. Common Stock
PNR,Pentair plc. Ordinary Share
EAT,Brinker International Inc. Common Stock
PODD,Insulet Corporation Common Stock
AYI,Acuity Inc. Common Stock
KRYS,Krystal Biotech Inc. Common Stock
RGEN,Repligen Corporation Common Stock
CFR,Cullen/Frost Bankers Inc. Common Stock
APGE,Apogee Therapeutics Inc. Common Stock
CGNX,Cognex Corporation Common Stock
RDY,Dr. Reddy's Laboratories Ltd Common Stock
BIO,Bio-Rad Laboratories Inc. Class A Common Stock
FRT,Federal Realty Investment Trust Common Stock
JEF,Jefferies Financial Group Inc. Common Stock
SANM,Sanmina Corporation Common Stock
KLAR,Klarna Group plc Ordinary Shares
SWKS,Skyworks Solutions Inc. Common Stock
FPS,Forgent Power Solutions Inc. Class A Common Stock
FLS,Flowserve Corporation Common Stock
WLK,Westlake Corporation Common Stock
LTH,Life Time Group Holdings Inc. Common Stock
ORI,Old Republic International Corporation Common Stock
APTV,Aptiv PLC Ordinary Shares
